seq	nb_chain	nb_ligand	nb_ion	nb_nucleotide	name_chain	name_ligand	name_ion	name_nucleotide
G	0	0	0	0	-	-	-	-
S	0	0	0	0	-	-	-	-
H	0	0	0	0	-	-	-	-
S	0	0	0	0	-	-	-	-
M	0	0	0	0	-	-	-	-
R	0	1	0	0	-	A:GOL,2001	-	-
Y	1	0	0	0	C:ARG,2	-	-	-
F	2	0	0	0	B:SER,55;B:PHE,56	-	-	-
H	1	0	0	0	B:PHE,56	-	-	-
T	3	0	0	0	B:LEU,54;B:PHE,56;B:PHE,62	-	-	-
S	0	0	0	0	-	-	-	-
V	1	0	0	0	B:SER,33	-	-	-
S	0	0	0	0	-	-	-	-
R	0	0	0	0	-	-	-	-
P	0	0	0	0	-	-	-	-
G	0	0	0	0	-	-	-	-
R	0	0	0	0	-	-	-	-
G	0	0	0	0	-	-	-	-
E	0	0	0	0	-	-	-	-
P	0	0	0	0	-	-	-	-
R	0	0	0	0	-	-	-	-
F	0	0	0	0	-	-	-	-
I	1	0	0	0	B:LEU,54	-	-	-
T	2	0	0	0	B:LEU,54;C:ARG,2	-	-	-
V	2	0	0	0	B:LEU,54;C:ARG,2	-	-	-
G	1	0	0	0	C:ARG,2	-	-	-
Y	0	1	0	0	-	A:GOL,2001	-	-
V	0	0	0	0	-	-	-	-
D	0	1	0	0	-	A:GOL,2001	-	-
D	0	1	0	0	-	A:GOL,2001	-	-
T	0	0	0	0	-	-	-	-
L	0	0	0	0	-	-	-	-
F	0	0	0	0	-	-	-	-
V	1	0	0	0	C:ARG,2	-	-	-
R	2	0	0	0	B:ASP,53;C:ARG,2	-	-	-
F	1	0	0	0	C:ARG,2	-	-	-
D	0	0	0	0	-	-	-	-
S	0	0	0	0	-	-	-	-
D	0	0	0	0	-	-	-	-
A	0	0	0	0	-	-	-	-
A	0	0	0	0	-	-	-	-
S	0	0	0	0	-	-	-	-
P	0	0	0	0	-	-	-	-
R	0	0	0	0	-	-	-	-
E	0	0	0	0	-	-	-	-
E	0	0	0	0	-	-	-	-
P	0	0	0	0	-	-	-	-
R	0	0	0	0	-	-	-	-
A	0	0	0	0	-	-	-	-
P	0	0	0	0	-	-	-	-
W	0	0	0	0	-	-	-	-
I	0	0	0	0	-	-	-	-
E	0	0	0	0	-	-	-	-
Q	0	0	0	0	-	-	-	-
E	0	0	0	0	-	-	-	-
G	0	0	0	0	-	-	-	-
P	0	0	0	0	-	-	-	-
E	0	0	0	0	-	-	-	-
Y	0	0	0	0	-	-	-	-
W	0	0	0	0	-	-	-	-
D	0	0	0	0	-	-	-	-
R	0	0	0	0	-	-	-	-
E	1	0	0	0	C:ARG,2	-	-	-
T	0	0	0	0	-	-	-	-
Q	0	0	0	0	-	-	-	-
I	3	0	0	0	C:ARG,2;C:PHE,3;C:ALA,4	-	-	-
C	1	0	0	0	C:ARG,2	-	-	-
K	0	0	0	0	-	-	-	-
A	0	0	0	0	-	-	-	-
K	0	0	0	0	-	-	-	-
A	0	0	0	0	-	-	-	-
Q	0	0	0	0	-	-	-	-
T	1	0	0	0	C:ILE,7	-	-	-
D	1	0	0	0	C:LYS,9	-	-	-
R	0	0	0	0	-	-	-	-
E	0	0	0	0	-	-	-	-
D	1	0	0	0	C:LYS,9	-	-	-
L	0	0	0	0	-	-	-	-
R	0	0	0	0	-	-	-	-
T	1	0	0	0	C:LYS,9	-	-	-
L	0	0	0	0	-	-	-	-
L	0	0	0	0	-	-	-	-
R	0	0	0	0	-	-	-	-
Y	0	0	0	0	-	-	-	-
Y	0	0	0	0	-	-	-	-
N	0	0	0	0	-	-	-	-
Q	0	0	0	0	-	-	-	-
S	0	0	0	0	-	-	-	-
E	0	0	0	0	-	-	-	-
A	0	0	0	0	-	-	-	-
G	0	0	0	0	-	-	-	-
S	0	0	0	0	-	-	-	-
H	1	0	0	0	B:MET,0	-	-	-
T	1	0	0	0	B:HIS,31	-	-	-
L	0	0	0	0	-	-	-	-
Q	2	0	0	0	B:PHE,56;B:TRP,60	-	-	-
N	2	0	0	0	B:PHE,56;B:TRP,60	-	-	-
M	2	0	0	0	B:PHE,56;B:TRP,60	-	-	-
Y	0	0	0	0	-	-	-	-
G	0	0	0	0	-	-	-	-
C	0	0	0	0	-	-	-	-
D	0	0	0	0	-	-	-	-
V	0	0	0	0	-	-	-	-
G	0	0	0	0	-	-	-	-
P	0	0	0	0	-	-	-	-
D	0	0	0	0	-	-	-	-
G	0	0	0	0	-	-	-	-
R	0	0	0	0	-	-	-	-
L	0	0	0	0	-	-	-	-
L	0	0	0	0	-	-	-	-
R	0	0	0	0	-	-	-	-
G	0	0	0	0	-	-	-	-
Y	0	0	0	0	-	-	-	-
H	0	0	0	0	-	-	-	-
Q	1	0	0	0	B:TRP,60	-	-	-
H	2	0	0	0	B:TRP,60;C:LYS,9	-	-	-
A	1	0	0	0	B:TRP,60	-	-	-
Y	0	0	0	0	-	-	-	-
D	3	0	0	0	B:MET,0;B:ILE,1;B:HIS,31	-	-	-
G	3	0	0	0	B:ILE,1;B:HIS,31;B:TRP,60	-	-	-
K	2	0	0	0	B:ILE,1;B:TRP,60	-	-	-
D	1	1	0	0	B:TRP,60	A:GOL,1001	-	-
Y	0	0	0	0	-	-	-	-
I	0	0	0	0	-	-	-	-
A	0	1	0	0	-	A:GOL,1001	-	-
L	0	0	0	0	-	-	-	-
N	0	0	0	0	-	-	-	-
E	0	0	0	0	-	-	-	-
D	0	0	0	0	-	-	-	-
L	0	0	0	0	-	-	-	-
S	0	0	0	0	-	-	-	-
S	0	0	0	0	-	-	-	-
W	0	0	0	0	-	-	-	-
T	0	0	0	0	-	-	-	-
A	0	0	0	0	-	-	-	-
A	0	0	0	0	-	-	-	-
D	0	0	0	0	-	-	-	-
T	0	0	0	0	-	-	-	-
A	0	0	0	0	-	-	-	-
A	0	0	0	0	-	-	-	-
Q	0	0	0	0	-	-	-	-
I	0	0	0	0	-	-	-	-
T	1	0	0	0	C:LYS,9	-	-	-
Q	0	0	0	0	-	-	-	-
R	0	0	0	0	-	-	-	-
K	0	0	0	0	-	-	-	-
W	0	0	0	0	-	-	-	-
E	0	0	0	0	-	-	-	-
A	0	0	0	0	-	-	-	-
A	0	0	0	0	-	-	-	-
R	0	0	0	0	-	-	-	-
V	1	0	0	0	C:ILE,7	-	-	-
A	0	0	0	0	-	-	-	-
E	0	0	0	0	-	-	-	-
Q	1	0	0	0	C:PHE,3	-	-	-
L	1	0	0	0	C:PHE,3	-	-	-
R	0	0	0	0	-	-	-	-
A	0	0	0	0	-	-	-	-
Y	1	0	0	0	C:PHE,3	-	-	-
L	0	0	0	0	-	-	-	-
E	0	0	0	0	-	-	-	-
G	0	0	0	0	-	-	-	-
E	0	0	0	0	-	-	-	-
C	1	0	0	0	C:GLY,1	-	-	-
V	0	0	0	0	-	-	-	-
E	0	0	0	0	-	-	-	-
W	0	0	0	0	-	-	-	-
L	0	0	0	0	-	-	-	-
R	0	0	0	0	-	-	-	-
R	0	0	0	0	-	-	-	-
Y	0	0	0	0	-	-	-	-
L	0	0	0	0	-	-	-	-
E	0	0	0	0	-	-	-	-
N	0	0	0	0	-	-	-	-
G	0	0	0	0	-	-	-	-
K	0	0	0	0	-	-	-	-
E	0	0	0	0	-	-	-	-
T	0	0	0	0	-	-	-	-
L	0	0	0	0	-	-	-	-
Q	0	0	0	0	-	-	-	-
R	0	0	0	0	-	-	-	-
A	0	0	0	0	-	-	-	-
D	0	0	0	0	-	-	-	-
P	0	0	0	0	-	-	-	-
P	0	0	0	0	-	-	-	-
K	0	0	0	0	-	-	-	-
T	0	0	0	0	-	-	-	-
H	0	0	0	0	-	-	-	-
V	0	0	0	0	-	-	-	-
T	0	0	0	0	-	-	-	-
H	0	0	0	0	-	-	-	-
H	0	0	0	0	-	-	-	-
P	0	0	0	0	-	-	-	-
I	0	0	0	0	-	-	-	-
S	0	0	0	0	-	-	-	-
D	0	0	0	0	-	-	-	-
H	0	0	0	0	-	-	-	-
E	0	0	0	0	-	-	-	-
A	0	0	0	0	-	-	-	-
T	0	0	0	0	-	-	-	-
L	0	0	0	0	-	-	-	-
R	0	0	0	0	-	-	-	-
C	0	0	0	0	-	-	-	-
W	0	0	0	0	-	-	-	-
A	0	0	0	0	-	-	-	-
L	0	0	0	0	-	-	-	-
G	0	0	0	0	-	-	-	-
F	0	0	0	0	-	-	-	-
Y	0	0	0	0	-	-	-	-
P	0	0	0	0	-	-	-	-
A	0	0	0	0	-	-	-	-
E	0	0	0	0	-	-	-	-
I	0	0	0	0	-	-	-	-
T	0	0	0	0	-	-	-	-
L	0	0	0	0	-	-	-	-
T	0	0	0	0	-	-	-	-
W	0	0	0	0	-	-	-	-
Q	0	0	0	0	-	-	-	-
R	0	0	0	0	-	-	-	-
D	0	0	0	0	-	-	-	-
G	0	0	0	0	-	-	-	-
E	0	0	0	0	-	-	-	-
D	0	0	0	0	-	-	-	-
Q	0	0	0	0	-	-	-	-
T	0	0	0	0	-	-	-	-
Q	0	0	0	0	-	-	-	-
D	0	0	0	0	-	-	-	-
T	0	0	0	0	-	-	-	-
E	0	0	0	0	-	-	-	-
L	0	0	0	0	-	-	-	-
V	1	0	0	0	B:GLN,8	-	-	-
E	2	0	0	0	B:GLN,8;B:TYR,26	-	-	-
T	2	0	0	0	B:GLN,8;B:TYR,26	-	-	-
R	3	0	0	0	B:GLN,8;B:TYR,10;B:TYR,26	-	-	-
P	3	0	0	0	B:TYR,10;B:TYR,26;B:LEU,65	-	-	-
A	5	0	0	0	B:TYR,10;B:SER,11;B:ARG,12;B:ASN,24;B:LEU,65	-	-	-
G	3	0	0	0	B:ARG,12;B:ASN,24;B:LEU,65	-	-	-
D	1	0	0	0	B:ARG,12	-	-	-
R	0	0	0	0	-	-	-	-
T	0	0	0	0	-	-	-	-
F	0	0	0	0	-	-	-	-
Q	0	0	0	0	-	-	-	-
K	0	0	0	0	-	-	-	-
W	0	0	0	0	-	-	-	-
A	0	0	0	0	-	-	-	-
A	0	0	0	0	-	-	-	-
V	0	0	0	0	-	-	-	-
V	0	0	0	0	-	-	-	-
V	0	0	0	0	-	-	-	-
P	0	0	0	0	-	-	-	-
S	0	0	0	0	-	-	-	-
G	0	0	0	0	-	-	-	-
E	0	0	0	0	-	-	-	-
E	0	0	0	0	-	-	-	-
Q	0	0	0	0	-	-	-	-
R	0	0	0	0	-	-	-	-
Y	0	0	0	0	-	-	-	-
T	0	0	0	0	-	-	-	-
C	0	0	0	0	-	-	-	-
H	0	0	0	0	-	-	-	-
V	0	0	0	0	-	-	-	-
Q	0	0	0	0	-	-	-	-
H	0	0	0	0	-	-	-	-
E	0	0	0	0	-	-	-	-
G	0	0	0	0	-	-	-	-
L	0	0	0	0	-	-	-	-
P	0	0	0	0	-	-	-	-
K	0	0	0	0	-	-	-	-
P	0	0	0	0	-	-	-	-
L	0	0	0	0	-	-	-	-
T	0	0	0	0	-	-	-	-
L	0	0	0	0	-	-	-	-
R	0	0	0	0	-	-	-	-
W	0	0	0	0	-	-	-	-
E	0	0	0	0	-	-	-	-
P	0	0	0	0	-	-	-	-
